provider_etf_id,ticker_id,value_date,ranking,delta,benchmark_mode,style_type,exchange,country,esg_qualified,name,market_cap,etf_region,canonical_ticker_id
36,1064,2026-09-15,1,0.03186371645629752,full_universe,growth,NASDAQ,US,True,Alphabet Inc.,4174986351444.0,US,1064
38,2823,2026-09-15,1,0.044366352073692314,full_universe,value,NASDAQ,US,True,"Micron Technology, Inc.",1047622164000.0,US,2823
39,1376,2026-09-15,1,0.07528294324207807,full_universe,growth,NASDAQ,US,False,NVIDIA Corporation,5138969570000.0,US,1376
42,121,2026-09-15,1,0.044827590286450766,full_universe,growth,NASDAQ,US,False,"Amazon.com, Inc.",2672278782000.0,US,121
48,1376,2026-09-15,1,0.040023637567868885,full_universe,growth,NASDAQ,US,False,NVIDIA Corporation,5138969570000.0,US,1376
50,1064,2026-09-15,1,0.0191870515759169,full_universe,growth,NASDAQ,US,True,Alphabet Inc.,4174986351444.0,US,1064
53,121,2026-09-15,1,0.03606230278124878,full_universe,growth,NASDAQ,US,False,"Amazon.com, Inc.",2672278782000.0,US,121
56,1064,2026-09-15,1,0.050833708173208245,full_universe,growth,NASDAQ,US,True,Alphabet Inc.,4174986351444.0,US,1064
59,1064,2026-09-15,1,0.03623321389937366,full_universe,growth,NASDAQ,US,True,Alphabet Inc.,4174986351444.0,US,1064
60,1064,2026-09-15,1,0.03318920372676342,full_universe,growth,NASDAQ,US,True,Alphabet Inc.,4174986351444.0,US,1064
62,1064,2026-09-15,1,0.10946299811034252,full_universe,growth,NASDAQ,US,True,Alphabet Inc.,4174986351444.0,US,1064
64,121,2026-09-15,1,0.03622945516794343,full_universe,growth,NASDAQ,US,False,"Amazon.com, Inc.",2672278782000.0,US,121
65,2793,2026-09-15,1,0.049822937124526484,full_universe,growth,NASDAQ,US,False,"Meta Platforms, Inc.",1707427398677.0,US,2793
66,1376,2026-09-15,1,0.06688043303386432,full_universe,growth,NASDAQ,US,False,NVIDIA Corporation,5138969570000.0,US,1376
67,121,2026-09-15,1,0.04468300263889738,full_universe,growth,NASDAQ,US,False,"Amazon.com, Inc.",2672278782000.0,US,121
69,1641,2026-09-15,1,0.03282103953872974,full_universe,value,NYSE,US,True,Philip Morris International Inc.,302541787100.0,US,1641
70,1353,2026-09-15,1,0.0356241552610832,full_universe,growth,NASDAQ,US,False,Broadcom Inc.,1614104166600.0,US,1353
71,2794,2026-09-15,1,0.0402169834347995,full_universe,growth,NASDAQ,US,True,Microsoft Corporation,3691389416000.0,US,2794
75,1064,2026-09-15,1,0.027521133092253534,full_universe,growth,NASDAQ,US,True,Alphabet Inc.,4174986351444.0,US,1064
76,1064,2026-09-15,1,0.04909731649384835,full_universe,growth,NASDAQ,US,True,Alphabet Inc.,4174986351444.0,US,1064
77,121,2026-09-15,1,0.04913133108614161,full_universe,growth,NASDAQ,US,False,"Amazon.com, Inc.",2672278782000.0,US,121
79,2823,2026-09-15,1,0.03837615629087801,full_universe,value,NASDAQ,US,True,"Micron Technology, Inc.",1047622164000.0,US,2823
80,1376,2026-09-15,1,0.0684654180182904,full_universe,growth,NASDAQ,US,False,NVIDIA Corporation,5138969570000.0,US,1376
83,2333,2026-09-15,1,0.03811884820995777,full_universe,value,NYSE,US,True,Wells Fargo & Company,271313280000.0,US,2333
84,1376,2026-09-15,1,0.11252018157673058,full_universe,growth,NASDAQ,US,False,NVIDIA Corporation,5138969570000.0,US,1376
87,2640,2026-09-15,1,0.03647628418927805,full_universe,growth,NYSE,US,False,Visa Inc.,701300273396.0,US,2640
89,1064,2026-09-15,1,0.09054142137984034,full_universe,growth,NASDAQ,US,True,Alphabet Inc.,4174986351444.0,US,1064
91,35,2026-09-15,1,0.05164593345594077,full_universe,value,NYSE,US,False,Chevron Corporation,433631068000.0,US,35
92,49,2026-09-15,1,0.048333771451148796,full_universe,growth,NYSE,CA,True,Celestica Inc.,36427447420.0,US,49
95,1064,2026-09-15,1,0.10004769239760393,full_universe,growth,NASDAQ,US,True,Alphabet Inc.,4174986351444.0,US,1064
106,799,2026-09-15,1,0.026535591646712788,full_universe,value,NASDAQ,US,True,Regency Centers Corporation,13522605280.0,US,799
124,1064,2026-09-15,1,0.13972486884728055,full_universe,growth,NASDAQ,US,True,Alphabet Inc.,4174986351444.0,US,1064
125,1064,2026-09-15,1,0.01771622549285576,full_universe,growth,NASDAQ,US,True,Alphabet Inc.,4174986351444.0,US,1064
133,1700,2026-09-15,1,0.038635383287528434,full_universe,growth,NASDAQ,US,True,Apple Inc.,4866508537040.0,US,1700
134,121,2026-09-15,1,0.05190662781092317,full_universe,growth,NASDAQ,US,False,"Amazon.com, Inc.",2672278782000.0,US,121
136,1376,2026-09-15,1,0.09523780095513618,full_universe,growth,NASDAQ,US,False,NVIDIA Corporation,5138969570000.0,US,1376
141,248,2026-09-15,1,0.08519469617585486,full_universe,growth,NYSE,US,False,Oracle Corporation,404331573900.0,US,248
144,1064,2026-09-15,1,0.03667130661269923,full_universe,growth,NASDAQ,US,True,Alphabet Inc.,4174986351444.0,US,1064
145,1064,2026-09-15,1,0.09556034013014247,full_universe,growth,NASDAQ,US,True,Alphabet Inc.,4174986351444.0,US,1064
146,4,2026-09-15,1,0.022367193461956533,full_universe,growth,NASDAQ,US,True,AppLovin Corporation,111350509653.0,US,4
156,1064,2026-09-15,1,0.03186366948271675,full_universe,growth,NASDAQ,US,True,Alphabet Inc.,4174986351444.0,US,1064
159,1064,2026-09-15,1,0.09135315101270264,full_universe,growth,NASDAQ,US,True,Alphabet Inc.,4174986351444.0,US,1064
179,1103,2026-09-15,1,0.04289460838914595,full_universe,value,NYSE,US,False,Johnson & Johnson,643924856755.0,US,1103
181,1252,2026-09-15,1,0.03658321100539389,full_universe,value,NYSE,US,True,"Mueller Industries, Inc.",13388085930.0,US,1252
182,1064,2026-09-15,1,0.0511586247223007,full_universe,growth,NASDAQ,US,True,Alphabet Inc.,4174986351444.0,US,1064
184,1064,2026-09-15,1,0.08462831585645865,full_universe,growth,NASDAQ,US,True,Alphabet Inc.,4174986351444.0,US,1064
187,1064,2026-09-15,1,0.061643031148354545,full_universe,growth,NASDAQ,US,True,Alphabet Inc.,4174986351444.0,US,1064
199,256,2026-09-15,1,0.04300660903208566,full_universe,value,NYSE,US,True,AbbVie Inc.,464675345887.0,US,256
202,539680,2026-09-15,1,0.03538166271460339,full_universe,value,NYSE,US,False,Fifth Third Bancorp,49548077040.0,US,539680
203,1376,2026-09-15,1,0.04731246457311752,full_universe,growth,NASDAQ,US,False,NVIDIA Corporation,5138969570000.0,US,1376
204,121,2026-09-15,1,0.033083980521616596,full_universe,growth,NASDAQ,US,False,"Amazon.com, Inc.",2672278782000.0,US,121
216,1064,2026-09-15,1,0.03193149683532998,full_universe,growth,NASDAQ,US,True,Alphabet Inc.,4174986351444.0,US,1064
217,2794,2026-09-15,1,0.02737587029500263,full_universe,growth,NASDAQ,US,True,Microsoft Corporation,3691389416000.0,US,2794
218,1353,2026-09-15,1,0.022982508887861533,full_universe,growth,NASDAQ,US,False,Broadcom Inc.,1614104166600.0,US,1353
225,845,2026-09-15,1,0.051888742069187525,full_universe,value,NYSE,US,True,"Altria Group, Inc.",116564825917.0,US,845
227,1064,2026-09-15,1,0.049852329350974625,full_universe,growth,NASDAQ,US,True,Alphabet Inc.,4174986351444.0,US,1064
234,2823,2026-09-15,1,0.059763948632849784,full_universe,value,NASDAQ,US,True,"Micron Technology, Inc.",1047622164000.0,US,2823
235,1064,2026-09-15,1,0.05268929395406243,full_universe,growth,NASDAQ,US,True,Alphabet Inc.,4174986351444.0,US,1064
236,121,2026-09-15,1,0.08139321486721944,full_universe,growth,NASDAQ,US,False,"Amazon.com, Inc.",2672278782000.0,US,121
237,1535,2026-09-15,1,0.026000028592139627,full_universe,growth,NASDAQ,US,False,"Palo Alto Networks, Inc.",305698350000.0,US,1535
238,1700,2026-09-15,1,0.038643345476474376,full_universe,growth,NASDAQ,US,True,Apple Inc.,4866508537040.0,US,1700
36,1376,2026-09-15,2,0.030001802100677495,full_universe,growth,NASDAQ,US,False,NVIDIA Corporation,5138969570000.0,US,1376
38,1376,2026-09-15,2,0.033638571138616354,full_universe,growth,NASDAQ,US,False,NVIDIA Corporation,5138969570000.0,US,1376
39,1041,2026-09-15,2,0.067967328617481,full_universe,growth,NASDAQ,US,True,Alphabet Inc.,4143561174186.0,US,1064
42,2333,2026-09-15,2,0.02150522046034633,full_universe,value,NYSE,US,True,Wells Fargo & Company,271313280000.0,US,2333
48,878,2026-09-15,2,0.028759781644392652,full_universe,value,NYSE,US,True,Morgan Stanley,325345545600.0,US,878
50,1103,2026-09-15,2,0.009880539197448256,full_universe,value,NYSE,US,False,Johnson & Johnson,643924856755.0,US,1103
53,2794,2026-09-15,2,0.01851240478822485,full_universe,growth,NASDAQ,US,True,Microsoft Corporation,3691389416000.0,US,2794
56,1376,2026-09-15,2,0.03389180041040749,full_universe,growth,NASDAQ,US,False,NVIDIA Corporation,5138969570000.0,US,1376
59,1376,2026-09-15,2,0.019850446312768007,full_universe,growth,NASDAQ,US,False,NVIDIA Corporation,5138969570000.0,US,1376
60,493,2026-09-15,2,0.028244666611670237,full_universe,value,NYSE,US,True,"CenterPoint Energy, Inc.",25018185600.0,US,493
62,1376,2026-09-15,2,0.10223401579459135,full_universe,growth,NASDAQ,US,False,NVIDIA Corporation,5138969570000.0,US,1376
64,937,2026-09-15,2,0.017758375497773586,full_universe,value,NYSE,US,True,ConocoPhillips,172047479669.0,US,937
65,1064,2026-09-15,2,0.033896429403800284,full_universe,growth,NASDAQ,US,True,Alphabet Inc.,4174986351444.0,US,1064
66,1353,2026-09-15,2,0.06191511709814452,full_universe,growth,NASDAQ,US,False,Broadcom Inc.,1614104166600.0,US,1353
67,671,2026-09-15,2,0.03511596194781164,full_universe,value,NASDAQ,US,False,Intel Corp.,489974135424.0,US,671
69,220,2026-09-15,2,0.025465477035374315,full_universe,value,NASDAQ,US,False,"Cisco Systems, Inc.",433833713577.0,US,220
70,1064,2026-09-15,2,0.03325393180455637,full_universe,growth,NASDAQ,US,True,Alphabet Inc.,4174986351444.0,US,1064
71,1064,2026-09-15,2,0.03843851902878008,full_universe,growth,NASDAQ,US,True,Alphabet Inc.,4174986351444.0,US,1064
75,1376,2026-09-15,2,0.02168215874591784,full_universe,growth,NASDAQ,US,False,NVIDIA Corporation,5138969570000.0,US,1376
76,121,2026-09-15,2,0.04090407513144971,full_universe,growth,NASDAQ,US,False,"Amazon.com, Inc.",2672278782000.0,US,121
77,2794,2026-09-15,2,0.046343842695011725,full_universe,growth,NASDAQ,US,True,Microsoft Corporation,3691389416000.0,US,2794
79,1064,2026-09-15,2,0.0362876340158644,full_universe,growth,NASDAQ,US,True,Alphabet Inc.,4174986351444.0,US,1064
80,1064,2026-09-15,2,0.05302888542716479,full_universe,growth,NASDAQ,US,True,Alphabet Inc.,4174986351444.0,US,1064
83,45,2026-09-15,2,0.03752971487322521,full_universe,value,NYSE,US,True,Bank of America Corporation,422389036800.0,US,45
84,1535,2026-09-15,2,0.05561196838247473,full_universe,growth,NASDAQ,US,False,"Palo Alto Networks, Inc.",305698350000.0,US,1535
87,1104,2026-09-15,2,0.03561795777890305,full_universe,value,NYSE,US,True,JPMorgan Chase & Co.,944500479900.0,US,1104
89,121,2026-09-15,2,0.06620335956324905,full_universe,growth,NASDAQ,US,False,"Amazon.com, Inc.",2672278782000.0,US,121
91,2306,2026-09-15,2,0.03944119888859938,full_universe,value,NYSE,US,False,Verizon Communications Inc.,214832562000.0,US,2306
92,1831,2026-09-15,2,0.0458048624958434,full_universe,growth,NASDAQ,US,True,Sandisk Corporation,226710598275.0,US,1831
95,1376,2026-09-15,2,0.08395640160646692,full_universe,growth,NASDAQ,US,False,NVIDIA Corporation,5138969570000.0,US,1376
106,2027,2026-09-15,2,0.02525332719846656,full_universe,value,NYSE,US,False,Loews Corporation,22472032490.0,US,2027
124,1376,2026-09-15,2,0.10850411717342051,full_universe,growth,NASDAQ,US,False,NVIDIA Corporation,5138969570000.0,US,1376
125,1700,2026-09-15,2,0.01715788014330568,full_universe,growth,NASDAQ,US,True,Apple Inc.,4866508537040.0,US,1700
133,2794,2026-09-15,2,0.037586884515223046,full_universe,growth,NASDAQ,US,True,Microsoft Corporation,3691389416000.0,US,2794
134,2803,2026-09-15,2,0.036875374434957364,full_universe,value,NYSE,US,True,"NextEra Energy, Inc.",169110252188.0,US,2803
136,1041,2026-09-15,2,0.044726443060483734,full_universe,growth,NASDAQ,US,True,Alphabet Inc.,4143561174186.0,US,1064
141,1353,2026-09-15,2,0.06317329941022998,full_universe,growth,NASDAQ,US,False,Broadcom Inc.,1614104166600.0,US,1353
144,1376,2026-09-15,2,0.03100478753787169,full_universe,growth,NASDAQ,US,False,NVIDIA Corporation,5138969570000.0,US,1376
145,1376,2026-09-15,2,0.0700398303127891,full_universe,growth,NASDAQ,US,False,NVIDIA Corporation,5138969570000.0,US,1376
146,1064,2026-09-15,2,0.02235465537953816,full_universe,growth,NASDAQ,US,True,Alphabet Inc.,4174986351444.0,US,1064
156,2794,2026-09-15,2,0.020237027654565642,full_universe,growth,NASDAQ,US,True,Microsoft Corporation,3691389416000.0,US,2794
159,1376,2026-09-15,2,0.048226148284223176,full_universe,growth,NASDAQ,US,False,NVIDIA Corporation,5138969570000.0,US,1376
179,45,2026-09-15,2,0.03566395257010964,full_universe,value,NYSE,US,True,Bank of America Corporation,422389036800.0,US,45
181,2784,2026-09-15,2,0.0317183117145772,full_universe,growth,NYSE,US,False,Eli Lilly and Company,1070740682180.0,US,2784
182,2793,2026-09-15,2,0.02969663506811738,full_universe,growth,NASDAQ,US,False,"Meta Platforms, Inc.",1707427398677.0,US,2793
184,1376,2026-09-15,2,0.05821746969414387,full_universe,growth,NASDAQ,US,False,NVIDIA Corporation,5138969570000.0,US,1376
187,1376,2026-09-15,2,0.03469306109325799,full_universe,growth,NASDAQ,US,False,NVIDIA Corporation,5138969570000.0,US,1376
199,2641,2026-09-15,2,0.04268423623057408,full_universe,value,NYSE,US,True,Exxon Mobil Corporation,701574188800.0,US,2641
202,1104,2026-09-15,2,0.03519878391565395,full_universe,value,NYSE,US,True,JPMorgan Chase & Co.,944500479900.0,US,1104
203,121,2026-09-15,2,0.046287762886613876,full_universe,growth,NASDAQ,US,False,"Amazon.com, Inc.",2672278782000.0,US,121
204,1104,2026-09-15,2,0.030955569250480743,full_universe,value,NYSE,US,True,JPMorgan Chase & Co.,944500479900.0,US,1104
216,1376,2026-09-15,2,0.026046808043185134,full_universe,growth,NASDAQ,US,False,NVIDIA Corporation,5138969570000.0,US,1376
217,1376,2026-09-15,2,0.027032876435235394,full_universe,growth,NASDAQ,US,False,NVIDIA Corporation,5138969570000.0,US,1376
218,2794,2026-09-15,2,0.020509659099268773,full_universe,growth,NASDAQ,US,True,Microsoft Corporation,3691389416000.0,US,2794
225,2638,2026-09-15,2,0.038740514138301055,full_universe,value,NYSE,US,False,AT&T Inc.,183164384700.0,US,2638
227,494,2026-09-15,2,0.03417336550631266,full_universe,growth,NASDAQ,US,False,Costco Wholesale Corporation,399729796650.0,US,494
234,1064,2026-09-15,2,0.05726271076008635,full_universe,growth,NASDAQ,US,True,Alphabet Inc.,4174986351444.0,US,1064
235,869,2026-09-15,2,0.02932291034665343,full_universe,value,NYSE,US,True,Marathon Petroleum Corporation,119939397080.0,US,869
236,701,2026-09-15,2,0.07414803650355144,full_universe,growth,NYSE,CA,False,Brookfield Corporation,82933403328.0,US,701
237,1701,2026-09-15,2,0.020000158361457635,full_universe,value,NASDAQ,US,True,"NetApp, Inc.",37270723620.0,US,1701
238,45,2026-09-15,2,0.015909071308374916,full_universe,value,NYSE,US,True,Bank of America Corporation,422389036800.0,US,45
36,2794,2026-09-15,3,0.02296952935427314,full_universe,growth,NASDAQ,US,True,Microsoft Corporation,3691389416000.0,US,2794
38,564,2026-09-15,3,0.032894888337240566,full_universe,growth,NASDAQ,US,True,"Advanced Micro Devices, Inc.",822148520000.0,US,564
39,1353,2026-09-15,3,0.027121839146348317,full_universe,growth,NASDAQ,US,False,Broadcom Inc.,1614104166600.0,US,1353
42,2794,2026-09-15,3,0.021200733728213676,full_universe,growth,NASDAQ,US,True,Microsoft Corporation,3691389416000.0,US,2794
48,2334,2026-09-15,3,0.02774457547981806,full_universe,value,NASDAQ,US,True,"Analog Devices, Inc.",176008887450.0,US,2334
50,2823,2026-09-15,3,0.007908782139482012,full_universe,value,NASDAQ,US,True,"Micron Technology, Inc.",1047622164000.0,US,2823
53,2641,2026-09-15,3,0.018488599810697996,full_universe,value,NYSE,US,True,Exxon Mobil Corporation,701574188800.0,US,2641
56,2794,2026-09-15,3,0.025890514841741957,full_universe,growth,NASDAQ,US,True,Microsoft Corporation,3691389416000.0,US,2794
59,1700,2026-09-15,3,0.017871498482978303,full_universe,growth,NASDAQ,US,True,Apple Inc.,4866508537040.0,US,1700
60,2512,2026-09-15,3,0.025427622342559634,full_universe,value,NYSE,US,False,"Cencora, Inc.",62899645087.0,US,2512
62,1353,2026-09-15,3,0.03219211850666552,full_universe,growth,NASDAQ,US,False,Broadcom Inc.,1614104166600.0,US,1353
64,2625,2026-09-15,3,0.015196720250322683,full_universe,value,NYSE,US,False,The Charles Schwab Corporation,187461900600.0,US,2625
65,2208,2026-09-15,3,0.031608958745895754,full_universe,growth,NASDAQ,US,True,"Tesla, Inc.",1408329609753.0,US,2208
66,1041,2026-09-15,3,0.05877825956988278,full_universe,growth,NASDAQ,US,True,Alphabet Inc.,4143561174186.0,US,1064
67,2212,2026-09-15,3,0.03316808809815092,full_universe,growth,NYSE,US,True,"Uber Technologies, Inc.",145402837499.0,US,2212
69,2624,2026-09-15,3,0.02460317573104854,full_universe,growth,NASDAQ,US,False,Starbucks Corporation,110101200000.0,US,2624
70,2794,2026-09-15,3,0.03173126415404043,full_universe,growth,NASDAQ,US,True,Microsoft Corporation,3691389416000.0,US,2794
71,2793,2026-09-15,3,0.03542334559154669,full_universe,growth,NASDAQ,US,False,"Meta Platforms, Inc.",1707427398677.0,US,2793
75,2794,2026-09-15,3,0.016825510703878305,full_universe,growth,NASDAQ,US,True,Microsoft Corporation,3691389416000.0,US,2794
76,2640,2026-09-15,3,0.03804545161816422,full_universe,growth,NYSE,US,False,Visa Inc.,701300273396.0,US,2640
77,35,2026-09-15,3,0.03596743048980113,full_universe,value,NYSE,US,False,Chevron Corporation,433631068000.0,US,35
79,1376,2026-09-15,3,0.03420601525955163,full_universe,growth,NASDAQ,US,False,NVIDIA Corporation,5138969570000.0,US,1376
80,2029,2026-09-15,3,0.03794927221749073,full_universe,growth,NYSE,US,True,Snowflake Inc.,111944868000.0,US,2029
83,220,2026-09-15,3,0.03694154080844765,full_universe,value,NASDAQ,US,False,"Cisco Systems, Inc.",433833713577.0,US,220
84,2793,2026-09-15,3,0.04867709871515502,full_universe,growth,NASDAQ,US,False,"Meta Platforms, Inc.",1707427398677.0,US,2793
87,2794,2026-09-15,3,0.02950068960001341,full_universe,growth,NASDAQ,US,True,Microsoft Corporation,3691389416000.0,US,2794
89,1376,2026-09-15,3,0.04938869975245385,full_universe,growth,NASDAQ,US,False,NVIDIA Corporation,5138969570000.0,US,1376
91,1552,2026-09-15,3,0.03699822217535441,full_universe,value,NASDAQ,US,False,"PepsiCo, Inc.",185093000000.0,US,1552
92,522,2026-09-15,3,0.04216034795206636,full_universe,growth,NYSE,TW,True,Taiwan Semiconductor Manufacturing Company Limited,2145906100000.0,US,6895
94,1325,2026-09-15,3,0.11435282249520984,full_universe,value,NASDAQ,US,False,Ares Capital Corporation,13908102508.0,US,1325
95,1353,2026-09-15,3,0.03258149742036388,full_universe,growth,NASDAQ,US,False,Broadcom Inc.,1614104166600.0,US,1353
106,63,2026-09-15,3,0.02451074786980857,full_universe,value,NYSE,US,True,Aflac Incorporated,59831186750.0,US,63
124,1353,2026-09-15,3,0.04556893872827699,full_universe,growth,NASDAQ,US,False,Broadcom Inc.,1614104166600.0,US,1353
125,2823,2026-09-15,3,0.015559695292810288,full_universe,value,NASDAQ,US,True,"Micron Technology, Inc.",1047622164000.0,US,2823
133,652,2026-09-15,3,0.02613987403194036,full_universe,growth,NYSE,CA,True,Suncor Energy Inc.,84860502500.0,US,652
134,643,2026-09-15,3,0.03526232832559171,full_universe,value,NYSE,CA,False,Canadian Pacific Kansas City Ltd.,78255632520.0,US,643
136,1353,2026-09-15,3,0.0268159784333016,full_universe,growth,NASDAQ,US,False,Broadcom Inc.,1614104166600.0,US,1353
141,121,2026-09-15,3,0.06294986673222329,full_universe,growth,NASDAQ,US,False,"Amazon.com, Inc.",2672278782000.0,US,121
144,1700,2026-09-15,3,0.028145304018665086,full_universe,growth,NASDAQ,US,True,Apple Inc.,4866508537040.0,US,1700
145,2794,2026-09-15,3,0.034828009217195366,full_universe,growth,NASDAQ,US,True,Microsoft Corporation,3691389416000.0,US,2794
146,2609,2026-09-15,3,0.022083784307872098,full_universe,growth,NASDAQ,US,True,"Revolution Medicines, Inc.",43552416560.0,US,2609
156,1376,2026-09-15,3,0.01959974772875834,full_universe,growth,NASDAQ,US,False,NVIDIA Corporation,5138969570000.0,US,1376
159,2793,2026-09-15,3,0.042561307003027835,full_universe,growth,NASDAQ,US,False,"Meta Platforms, Inc.",1707427398677.0,US,2793
179,1805,2026-09-15,3,0.03238059408179027,full_universe,value,NASDAQ,US,True,"Principal Financial Group, Inc.",25343608850.0,US,1805
181,2536,2026-09-15,3,0.031160423718832746,full_universe,value,NYSE,US,False,"The Williams Companies, Inc.",87615486019.0,US,2536
182,121,2026-09-15,3,0.027902444480939304,full_universe,growth,NASDAQ,US,False,"Amazon.com, Inc.",2672278782000.0,US,121
184,1353,2026-09-15,3,0.0369496560220462,full_universe,growth,NASDAQ,US,False,Broadcom Inc.,1614104166600.0,US,1353
187,1700,2026-09-15,3,0.03000651142821447,full_universe,growth,NASDAQ,US,True,Apple Inc.,4866508537040.0,US,1700
199,35,2026-09-15,3,0.039776741332787385,full_universe,value,NYSE,US,False,Chevron Corporation,433631068000.0,US,35
202,2638,2026-09-15,3,0.03350653410381323,full_universe,value,NYSE,US,False,AT&T Inc.,183164384700.0,US,2638
203,1204,2026-09-15,3,0.03525488841977734,full_universe,growth,NYSE,US,True,Mastercard Incorporated,502778427720.0,US,1204
204,706,2026-09-15,3,0.02534041370198579,full_universe,value,NYSE,US,False,"Assurant, Inc.",14176063836.0,US,706
216,1700,2026-09-15,3,0.01894121190043222,full_universe,growth,NASDAQ,US,True,Apple Inc.,4866508537040.0,US,1700
217,2640,2026-09-15,3,0.026058950190005238,full_universe,growth,NYSE,US,False,Visa Inc.,701300273396.0,US,2640
218,220,2026-09-15,3,0.0198652248513854,full_universe,value,NASDAQ,US,False,"Cisco Systems, Inc.",433833713577.0,US,220
225,2306,2026-09-15,3,0.03859203437255822,full_universe,value,NYSE,US,False,Verizon Communications Inc.,214832562000.0,US,2306
227,1204,2026-09-15,3,0.03415815191087494,full_universe,growth,NYSE,US,True,Mastercard Incorporated,502778427720.0,US,1204
234,2640,2026-09-15,3,0.04028703408064713,full_universe,growth,NYSE,US,False,Visa Inc.,701300273396.0,US,2640
235,2640,2026-09-15,3,0.027221700116126367,full_universe,growth,NYSE,US,False,Visa Inc.,701300273396.0,US,2640
236,2794,2026-09-15,3,0.07371038634294277,full_universe,growth,NASDAQ,US,True,Microsoft Corporation,3691389416000.0,US,2794
237,563,2026-09-15,3,0.01588911628368727,full_universe,growth,NASDAQ,US,False,"Applied Materials, Inc.",334391712030.0,US,563
238,2488,2026-09-15,3,0.015514124534429187,full_universe,value,NYSE,US,True,UnitedHealth Group Incorporated,341398725796.0,US,2488
36,1700,2026-09-15,4,0.021407999910037688,full_universe,growth,NASDAQ,US,True,Apple Inc.,4866508537040.0,US,1700
38,1700,2026-09-15,4,0.030765466888854266,full_universe,growth,NASDAQ,US,True,Apple Inc.,4866508537040.0,US,1700
39,564,2026-09-15,4,0.020234700770355177,full_universe,growth,NASDAQ,US,True,"Advanced Micro Devices, Inc.",822148520000.0,US,564
42,45,2026-09-15,4,0.02046269039688935,full_universe,value,NYSE,US,True,Bank of America Corporation,422389036800.0,US,45
48,1103,2026-09-15,4,0.027574649656735603,full_universe,value,NYSE,US,False,Johnson & Johnson,643924856755.0,US,1103
50,671,2026-09-15,4,0.007556892389589639,full_universe,value,NASDAQ,US,False,Intel Corp.,489974135424.0,US,671
53,45,2026-09-15,4,0.0159459040760491,full_universe,value,NYSE,US,True,Bank of America Corporation,422389036800.0,US,45
56,1700,2026-09-15,4,0.024375826780729172,full_universe,growth,NASDAQ,US,True,Apple Inc.,4866508537040.0,US,1700
59,2794,2026-09-15,4,0.016605809920646766,full_universe,growth,NASDAQ,US,True,Microsoft Corporation,3691389416000.0,US,2794
60,2794,2026-09-15,4,0.02301202028213406,full_universe,growth,NASDAQ,US,True,Microsoft Corporation,3691389416000.0,US,2794
62,564,2026-09-15,4,0.022692601850689373,full_universe,growth,NASDAQ,US,True,"Advanced Micro Devices, Inc.",822148520000.0,US,564
64,401,2026-09-15,4,0.014937819787974167,full_universe,value,NYSE,CH,False,Chubb Limited,131889588000.0,US,401
65,1353,2026-09-15,4,0.028864297036917758,full_universe,growth,NASDAQ,US,False,Broadcom Inc.,1614104166600.0,US,1353
66,2793,2026-09-15,4,0.04593818719823793,full_universe,growth,NASDAQ,US,False,"Meta Platforms, Inc.",1707427398677.0,US,2793
67,2624,2026-09-15,4,0.02945029688217632,full_universe,growth,NASDAQ,US,False,Starbucks Corporation,110101200000.0,US,2624
69,256,2026-09-15,4,0.022262443904981256,full_universe,value,NYSE,US,True,AbbVie Inc.,464675345887.0,US,256
70,2784,2026-09-15,4,0.02783772358772126,full_universe,growth,NYSE,US,False,Eli Lilly and Company,1070740682180.0,US,2784
71,2547,2026-09-15,4,0.028909870274199126,full_universe,value,NYSE,US,False,RTX Corporation,263486708746.0,US,2547
75,35,2026-09-15,4,0.014520082031751235,full_universe,value,NYSE,US,False,Chevron Corporation,433631068000.0,US,35
76,397,2026-09-15,4,0.03669361061655596,full_universe,value,NYSE,US,False,"Cardinal Health, Inc.",54488025900.0,US,397
77,2625,2026-09-15,4,0.031140641951240437,full_universe,value,NYSE,US,False,The Charles Schwab Corporation,187461900600.0,US,2625
79,564,2026-09-15,4,0.032995863371920474,full_universe,growth,NASDAQ,US,True,"Advanced Micro Devices, Inc.",822148520000.0,US,564
80,456,2026-09-15,4,0.02996578743192016,full_universe,growth,NYSE,CA,True,Wheaton Precious Metals Corp.,68127832500.0,US,456
83,1770,2026-09-15,4,0.03613881237264165,full_universe,value,NYSE,US,False,"United Parcel Service, Inc.",86972031755.0,US,1770
84,1064,2026-09-15,4,0.04533894091083878,full_universe,growth,NASDAQ,US,True,Alphabet Inc.,4174986351444.0,US,1064
87,1103,2026-09-15,4,0.029350101426712585,full_universe,value,NYSE,US,False,Johnson & Johnson,643924856755.0,US,1103
89,1831,2026-09-15,4,0.03712339366097583,full_universe,growth,NASDAQ,US,True,Sandisk Corporation,226710598275.0,US,1831
91,1860,2026-09-15,4,0.03528875569917252,full_universe,value,NYSE,US,False,The Procter & Gamble Company,348641462700.0,US,1860
92,1035,2026-09-15,4,0.03945189330885599,full_universe,growth,NYSE,US,False,Bloom Energy Corporation,76385577450.0,US,1035
95,2784,2026-09-15,4,0.030322814558431384,full_universe,growth,NYSE,US,False,Eli Lilly and Company,1070740682180.0,US,2784
106,1068,2026-09-15,4,0.023661237361109925,full_universe,growth,NYSE,US,False,Realty Income Corporation,54746664030.0,US,1068
124,2784,2026-09-15,4,0.04327764071139911,full_universe,growth,NYSE,US,False,Eli Lilly and Company,1070740682180.0,US,2784
125,1353,2026-09-15,4,0.01549703700639072,full_universe,growth,NASDAQ,US,False,Broadcom Inc.,1614104166600.0,US,1353
133,396,2026-09-15,4,0.021906694797520408,full_universe,value,NYSE,US,True,Citigroup Inc.,233553592900.0,US,396
134,932,2026-09-15,4,0.033907415915082194,full_universe,value,NYSE,US,False,Capital One Financial Corporation,126899372250.0,US,932
136,149,2026-09-15,4,0.02323010557843379,full_universe,growth,NYSE,US,False,"Arista Networks, Inc.",242818234424.0,US,149
144,121,2026-09-15,4,0.014817366798714957,full_universe,growth,NASDAQ,US,False,"Amazon.com, Inc.",2672278782000.0,US,121
145,564,2026-09-15,4,0.030762093903061193,full_universe,growth,NASDAQ,US,True,"Advanced Micro Devices, Inc.",822148520000.0,US,564
146,2068,2026-09-15,4,0.02203504752528637,full_universe,value,NYSE,US,True,Thermo Fisher Scientific Inc.,238353993190.0,US,2068
156,1700,2026-09-15,4,0.019177274256994913,full_universe,growth,NASDAQ,US,True,Apple Inc.,4866508537040.0,US,1700
159,1353,2026-09-15,4,0.03177290035989688,full_universe,growth,NASDAQ,US,False,Broadcom Inc.,1614104166600.0,US,1353
179,1071,2026-09-15,4,0.03129303124866338,full_universe,value,NYSE,US,False,General Dynamics Corporation,97021740200.0,US,1071
181,67,2026-09-15,4,0.02766303520444611,full_universe,growth,NYSE,JP,False,"Sumitomo Mitsui Financial Group, Inc.",103752789920.0,US,6994
182,220,2026-09-15,4,0.026344351439377276,full_universe,value,NASDAQ,US,False,"Cisco Systems, Inc.",433833713577.0,US,220
184,2784,2026-09-15,4,0.027019801395035275,full_universe,growth,NYSE,US,False,Eli Lilly and Company,1070740682180.0,US,2784
187,2794,2026-09-15,4,0.020746326472242782,full_universe,growth,NASDAQ,US,True,Microsoft Corporation,3691389416000.0,US,2794
199,45,2026-09-15,4,0.03805377144495369,full_universe,value,NYSE,US,True,Bank of America Corporation,422389036800.0,US,45
202,706,2026-09-15,4,0.02956450149610574,full_universe,value,NYSE,US,False,"Assurant, Inc.",14176063836.0,US,706
203,1041,2026-09-15,4,0.029919085396312578,full_universe,growth,NASDAQ,US,True,Alphabet Inc.,4143561174186.0,US,1064
204,1699,2026-09-15,4,0.02512086308641915,full_universe,value,NYSE,US,True,Slb N.V.,80440565126.0,US,1699
216,2823,2026-09-15,4,0.014044663383511222,full_universe,value,NASDAQ,US,True,"Micron Technology, Inc.",1047622164000.0,US,2823
217,121,2026-09-15,4,0.019942759607424098,full_universe,growth,NASDAQ,US,False,"Amazon.com, Inc.",2672278782000.0,US,121
218,1271,2026-09-15,4,0.019661112436276263,full_universe,value,NYSE,US,False,"Merck & Co., Inc.",355160116000.0,US,1271
225,1552,2026-09-15,4,0.037674973094017586,full_universe,value,NASDAQ,US,False,"PepsiCo, Inc.",185093000000.0,US,1552
227,1621,2026-09-15,4,0.03372532630840777,full_universe,growth,NASDAQ,US,False,Palantir Technologies Inc.,396209839200.0,US,1621
234,1204,2026-09-15,4,0.0400316486227728,full_universe,growth,NYSE,US,True,Mastercard Incorporated,502778427720.0,US,1204
235,1376,2026-09-15,4,0.022551271189098727,full_universe,growth,NASDAQ,US,False,NVIDIA Corporation,5138969570000.0,US,1376
236,1376,2026-09-15,4,0.05488285360770099,full_universe,growth,NASDAQ,US,False,NVIDIA Corporation,5138969570000.0,US,1376
237,2640,2026-09-15,4,0.015501680225160644,full_universe,growth,NYSE,US,False,Visa Inc.,701300273396.0,US,2640
238,1860,2026-09-15,4,0.015403664579612569,full_universe,value,NYSE,US,False,The Procter & Gamble Company,348641462700.0,US,1860
36,121,2026-09-15,5,0.012952853489137484,full_universe,growth,NASDAQ,US,False,"Amazon.com, Inc.",2672278782000.0,US,121
38,2794,2026-09-15,5,0.024879269120620218,full_universe,growth,NASDAQ,US,True,Microsoft Corporation,3691389416000.0,US,2794
39,2807,2026-09-15,5,0.014997133705845453,full_universe,growth,NASDAQ,US,False,"Natera, Inc.",50236957700.0,US,2807
42,937,2026-09-15,5,0.01511779116345325,full_universe,value,NYSE,US,True,ConocoPhillips,172047479669.0,US,937
48,2027,2026-09-15,5,0.027221609291093147,full_universe,value,NYSE,US,False,Loews Corporation,22472032490.0,US,2027
50,1271,2026-09-15,5,0.006607857376878438,full_universe,value,NYSE,US,False,"Merck & Co., Inc.",355160116000.0,US,1271
53,256,2026-09-15,5,0.014870174159358573,full_universe,value,NYSE,US,True,AbbVie Inc.,464675345887.0,US,256
56,2333,2026-09-15,5,0.020236389199970988,full_universe,value,NYSE,US,True,Wells Fargo & Company,271313280000.0,US,2333
59,1353,2026-09-15,5,0.006863552880375028,full_universe,growth,NASDAQ,US,False,Broadcom Inc.,1614104166600.0,US,1353
60,1099,2026-09-15,5,0.02281366160181749,full_universe,growth,NASDAQ,US,True,"Alnylam Pharmaceuticals, Inc.",31882670430.0,US,1099
62,1700,2026-09-15,5,0.018003633343005997,full_universe,growth,NASDAQ,US,True,Apple Inc.,4866508537040.0,US,1700
64,223,2026-09-15,5,0.014697859507775204,full_universe,value,NASDAQ,US,True,CSX Corporation,90141676800.0,US,223
65,2640,2026-09-15,5,0.027795276345144095,full_universe,growth,NYSE,US,False,Visa Inc.,701300273396.0,US,2640
66,150,2026-09-15,5,0.038898523020640605,full_universe,growth,NYSE,US,False,Amphenol Corporation,191481794000.0,US,150
67,2793,2026-09-15,5,0.028576060310017172,full_universe,growth,NASDAQ,US,False,"Meta Platforms, Inc.",1707427398677.0,US,2793
69,1353,2026-09-15,5,0.022045036272629118,full_universe,growth,NASDAQ,US,False,Broadcom Inc.,1614104166600.0,US,1353
70,2793,2026-09-15,5,0.026266432185871026,full_universe,growth,NASDAQ,US,False,"Meta Platforms, Inc.",1707427398677.0,US,2793
71,248,2026-09-15,5,0.02867573399788038,full_universe,growth,NYSE,US,False,Oracle Corporation,404331573900.0,US,248
75,494,2026-09-15,5,0.013350085584358237,full_universe,growth,NASDAQ,US,False,Costco Wholesale Corporation,399729796650.0,US,494
76,2793,2026-09-15,5,0.03209424385920577,full_universe,growth,NASDAQ,US,False,"Meta Platforms, Inc.",1707427398677.0,US,2793
77,2333,2026-09-15,5,0.028927270976360192,full_universe,value,NYSE,US,True,Wells Fargo & Company,271313280000.0,US,2333
79,2794,2026-09-15,5,0.03273416554549184,full_universe,growth,NASDAQ,US,True,Microsoft Corporation,3691389416000.0,US,2794
80,2794,2026-09-15,5,0.029897297934410344,full_universe,growth,NASDAQ,US,True,Microsoft Corporation,3691389416000.0,US,2794
83,452,2026-09-15,5,0.0312737695834173,full_universe,value,NYSE,US,True,Cigna Corporation,76339076405.0,US,452
84,2640,2026-09-15,5,0.040800632798057894,full_universe,growth,NYSE,US,False,Visa Inc.,701300273396.0,US,2640
87,1353,2026-09-15,5,0.028184016177172207,full_universe,growth,NASDAQ,US,False,Broadcom Inc.,1614104166600.0,US,1353
89,2793,2026-09-15,5,0.03406065021267952,full_universe,growth,NASDAQ,US,False,"Meta Platforms, Inc.",1707427398677.0,US,2793
91,2030,2026-09-15,5,0.03501157196358657,full_universe,value,NYSE,US,False,The Southern Company,98873442000.0,US,2030
92,1376,2026-09-15,5,0.03314474561680127,full_universe,growth,NASDAQ,US,False,NVIDIA Corporation,5138969570000.0,US,1376
95,2793,2026-09-15,5,0.028097899565860944,full_universe,growth,NASDAQ,US,False,"Meta Platforms, Inc.",1707427398677.0,US,2793
106,2653,2026-09-15,5,0.023363789004898036,full_universe,growth,NYSE,US,False,"Motorola Solutions, Inc.",77875363440.0,US,2653
124,1039,2026-09-15,5,0.03913696044916992,full_universe,growth,NYSE,US,False,GE Aerospace,318583569617.0,US,1039
133,1353,2026-09-15,5,0.020412248097401574,full_universe,growth,NASDAQ,US,False,Broadcom Inc.,1614104166600.0,US,1353
134,2333,2026-09-15,5,0.03141885336790505,full_universe,value,NYSE,US,True,Wells Fargo & Company,271313280000.0,US,2333
136,2793,2026-09-15,5,0.023165395905772733,full_universe,growth,NASDAQ,US,False,"Meta Platforms, Inc.",1707427398677.0,US,2793
141,571,2026-09-15,5,0.05230005770881203,full_universe,growth,NYSE,US,True,Howmet Aerospace Inc.,89892148206.0,US,571
144,1443,2026-09-15,5,0.014136422515670741,full_universe,value,NYSE,US,False,The Coca-Cola Company,381679115935.0,US,1443
145,2823,2026-09-15,5,0.027518918768688644,full_universe,value,NASDAQ,US,True,"Micron Technology, Inc.",1047622164000.0,US,2823
146,2330,2026-09-15,5,0.021702112235438126,full_universe,value,NASDAQ,US,True,"Warner Bros. Discovery, Inc.",70275041757.0,US,2330
156,740,2026-09-15,5,0.010012561807439412,full_universe,growth,NASDAQ,US,True,Lam Research Corporation,338741895900.0,US,740
179,923,2026-09-15,5,0.029897917532553206,full_universe,value,NASDAQ,US,False,SEI Investments Company,12700410580.0,US,923
181,377,2026-09-15,5,0.026547689635570398,full_universe,growth,NYSE,JP,True,"Mitsubishi UFJ Financial Group, Inc.",267374649820.0,US,6987
182,1104,2026-09-15,5,0.021964547767134364,full_universe,value,NYSE,US,True,JPMorgan Chase & Co.,944500479900.0,US,1104
184,1700,2026-09-15,5,0.026769095410886533,full_universe,growth,NASDAQ,US,True,Apple Inc.,4866508537040.0,US,1700
187,1641,2026-09-15,5,0.00978350675568564,full_universe,value,NYSE,US,True,Philip Morris International Inc.,302541787100.0,US,1641
199,1104,2026-09-15,5,0.0342168383733427,full_universe,value,NYSE,US,True,JPMorgan Chase & Co.,944500479900.0,US,1104
202,1699,2026-09-15,5,0.029304161474706613,full_universe,value,NYSE,US,True,Slb N.V.,80440565126.0,US,1699
203,2794,2026-09-15,5,0.029269517144046894,full_universe,growth,NASDAQ,US,True,Microsoft Corporation,3691389416000.0,US,2794
204,2488,2026-09-15,5,0.024406813433028633,full_universe,value,NYSE,US,True,UnitedHealth Group Incorporated,341398725796.0,US,2488
216,2794,2026-09-15,5,0.011541622310751863,full_universe,growth,NASDAQ,US,True,Microsoft Corporation,3691389416000.0,US,2794
217,1041,2026-09-15,5,0.01847542320457453,full_universe,growth,NASDAQ,US,True,Alphabet Inc.,4143561174186.0,US,1064
218,808,2026-09-15,5,0.01898752425849419,full_universe,value,NYSE,US,True,McKesson Corporation,105318685680.0,US,808
225,2492,2026-09-15,5,0.037185500714195276,full_universe,value,NYSE,US,False,Bristol-Myers Squibb Company,130181908300.0,US,2492
227,2640,2026-09-15,5,0.03213968110326661,full_universe,growth,NYSE,US,False,Visa Inc.,701300273396.0,US,2640
234,1104,2026-09-15,5,0.03727952684061478,full_universe,value,NYSE,US,True,JPMorgan Chase & Co.,944500479900.0,US,1104
235,2541,2026-09-15,5,0.0223294386744843,full_universe,value,NYSE,US,False,"Republic Services, Inc.",68621378560.0,US,2541
236,1041,2026-09-15,5,0.05152692288502114,full_universe,growth,NASDAQ,US,True,Alphabet Inc.,4143561174186.0,US,1064
237,519,2026-09-15,5,0.015462385797497721,full_universe,growth,NYSE,US,True,"Salesforce, Inc.",209377350000.0,US,519
238,1271,2026-09-15,5,0.012880865922723781,full_universe,value,NYSE,US,False,"Merck & Co., Inc.",355160116000.0,US,1271
36,1353,2026-09-15,6,0.008803071089273251,full_universe,growth,NASDAQ,US,False,Broadcom Inc.,1614104166600.0,US,1353
38,740,2026-09-15,6,0.0187397178397413,full_universe,growth,NASDAQ,US,True,Lam Research Corporation,338741895900.0,US,740
39,1535,2026-09-15,6,0.014826363616643114,full_universe,growth,NASDAQ,US,False,"Palo Alto Networks, Inc.",305698350000.0,US,1535
42,396,2026-09-15,6,0.013866499462350078,full_universe,value,NYSE,US,True,Citigroup Inc.,233553592900.0,US,396
48,1277,2026-09-15,6,0.027057099148023914,full_universe,value,NYSE,US,False,M&T Bank Corporation,34112880210.0,US,1277
50,519,2026-09-15,6,0.006196043858453817,full_universe,growth,NYSE,US,True,"Salesforce, Inc.",209377350000.0,US,519
53,2333,2026-09-15,6,0.01441759000653978,full_universe,value,NYSE,US,True,Wells Fargo & Company,271313280000.0,US,2333
56,121,2026-09-15,6,0.014006042846067258,full_universe,growth,NASDAQ,US,False,"Amazon.com, Inc.",2672278782000.0,US,121
59,121,2026-09-15,6,0.006759580267062661,full_universe,growth,NASDAQ,US,False,"Amazon.com, Inc.",2672278782000.0,US,121
60,121,2026-09-15,6,0.02191708134900718,full_universe,growth,NASDAQ,US,False,"Amazon.com, Inc.",2672278782000.0,US,121
62,2784,2026-09-15,6,0.017172099255488946,full_universe,growth,NYSE,US,False,Eli Lilly and Company,1070740682180.0,US,2784
64,2794,2026-09-15,6,0.013562120156430421,full_universe,growth,NASDAQ,US,True,Microsoft Corporation,3691389416000.0,US,2794
65,2823,2026-09-15,6,0.025243271052445795,full_universe,value,NASDAQ,US,True,"Micron Technology, Inc.",1047622164000.0,US,2823
66,1204,2026-09-15,6,0.03297094531947155,full_universe,growth,NYSE,US,True,Mastercard Incorporated,502778427720.0,US,1204
67,798,2026-09-15,6,0.026576879786263104,full_universe,value,NYSE,US,True,APi Group Corporation,15976966180.0,US,798
69,2794,2026-09-15,6,0.02114076726607158,full_universe,growth,NASDAQ,US,True,Microsoft Corporation,3691389416000.0,US,2794
70,1376,2026-09-15,6,0.021725283986737447,full_universe,growth,NASDAQ,US,False,NVIDIA Corporation,5138969570000.0,US,1376
71,2273,2026-09-15,6,0.02838774496204736,full_universe,growth,NYSE,US,True,Royal Caribbean Cruises Ltd.,66861013500.0,US,2273
75,1700,2026-09-15,6,0.01280384056294042,full_universe,growth,NASDAQ,US,True,Apple Inc.,4866508537040.0,US,1700
76,152,2026-09-15,6,0.03071868848354377,full_universe,growth,NYSE,US,True,ATI Inc.,25477664017.0,US,152
77,315,2026-09-15,6,0.026360852467388035,full_universe,value,NYSE,US,True,CVS Health Corp.,120562625700.0,US,315
79,1700,2026-09-15,6,0.028843885126096182,full_universe,growth,NASDAQ,US,True,Apple Inc.,4866508537040.0,US,1700
80,2235,2026-09-15,6,0.02520427552415546,full_universe,growth,NYSE,US,False,"Quanta Services, Inc.",92212879050.0,US,2235
83,2306,2026-09-15,6,0.030202295853464373,full_universe,value,NYSE,US,False,Verizon Communications Inc.,214832562000.0,US,2306
84,149,2026-09-15,6,0.03046988846707381,full_universe,growth,NYSE,US,False,"Arista Networks, Inc.",242818234424.0,US,149
87,2784,2026-09-15,6,0.026285311828523426,full_universe,growth,NYSE,US,False,Eli Lilly and Company,1070740682180.0,US,2784
89,1204,2026-09-15,6,0.025399150390421163,full_universe,growth,NYSE,US,True,Mastercard Incorporated,502778427720.0,US,1204
91,1896,2026-09-15,6,0.033343747087949425,full_universe,value,NYSE,US,False,Lockheed Martin Corporation,123117766860.0,US,1896
92,2599,2026-09-15,6,0.03086623677915433,full_universe,growth,NYSE,US,True,GE Vernova Inc.,235121965416.0,US,2599
95,740,2026-09-15,6,0.027453158156238982,full_universe,growth,NASDAQ,US,True,Lam Research Corporation,338741895900.0,US,740
106,2311,2026-09-15,6,0.01991041617107063,full_universe,growth,NASDAQ,US,False,"VeriSign, Inc.",26872304000.0,US,2311
124,2640,2026-09-15,6,0.03793827674183523,full_universe,growth,NYSE,US,False,Visa Inc.,701300273396.0,US,2640
125,1103,2026-09-15,6,0.014401749968399779,full_universe,value,NYSE,US,False,Johnson & Johnson,643924856755.0,US,1103
133,121,2026-09-15,6,0.02000414405734743,full_universe,growth,NASDAQ,US,False,"Amazon.com, Inc.",2672278782000.0,US,121
134,3104,2026-09-15,6,0.030352075864895738,full_universe,value,NYSE,GB,False,Unilever PLC,134516199359.0,US,3104
136,2599,2026-09-15,6,0.021838973910319217,full_universe,growth,NYSE,US,True,GE Vernova Inc.,235121965416.0,US,2599
141,2667,2026-09-15,6,0.04845660215189015,full_universe,value,NYSE,US,False,Danaher Corporation,147127951242.0,US,2667
144,937,2026-09-15,6,0.012187638127270879,full_universe,value,NYSE,US,True,ConocoPhillips,172047479669.0,US,937
145,2793,2026-09-15,6,0.02563120834500037,full_universe,growth,NASDAQ,US,False,"Meta Platforms, Inc.",1707427398677.0,US,2793
146,2489,2026-09-15,6,0.021204391394049858,full_universe,value,NASDAQ,UY,False,"MercadoLibre, Inc.",92722104047.0,US,2489
159,1134,2026-09-15,6,0.023469943995567257,full_universe,growth,NASDAQ,NL,False,ASML Holding N.V.,613385024317.0,US,1134
179,396,2026-09-15,6,0.029450721792425135,full_universe,value,NYSE,US,True,Citigroup Inc.,233553592900.0,US,396
181,1103,2026-09-15,6,0.025015128652422017,full_universe,value,NYSE,US,False,Johnson & Johnson,643924856755.0,US,1103
182,1622,2026-09-15,6,0.020926608104061627,full_universe,growth,NASDAQ,US,False,"Netflix, Inc.",324370925922.0,US,1622
184,1204,2026-09-15,6,0.02369053985297976,full_universe,growth,NYSE,US,True,Mastercard Incorporated,502778427720.0,US,1204
187,869,2026-09-15,6,0.009733170836299316,full_universe,value,NYSE,US,True,Marathon Petroleum Corporation,119939397080.0,US,869
199,1860,2026-09-15,6,0.031412547703263086,full_universe,value,NYSE,US,False,The Procter & Gamble Company,348641462700.0,US,1860
202,2488,2026-09-15,6,0.029010010591616175,full_universe,value,NYSE,US,True,UnitedHealth Group Incorporated,341398725796.0,US,2488
203,1134,2026-09-15,6,0.02922177372977651,full_universe,growth,NASDAQ,NL,False,ASML Holding N.V.,613385024317.0,US,1134
204,1103,2026-09-15,6,0.02170809940473273,full_universe,value,NYSE,US,False,Johnson & Johnson,643924856755.0,US,1103
216,220,2026-09-15,6,0.010315625343690866,full_universe,value,NASDAQ,US,False,"Cisco Systems, Inc.",433833713577.0,US,220
217,2625,2026-09-15,6,0.016761725324421727,full_universe,value,NYSE,US,False,The Charles Schwab Corporation,187461900600.0,US,2625
218,1700,2026-09-15,6,0.0183941941801715,full_universe,growth,NASDAQ,US,True,Apple Inc.,4866508537040.0,US,1700
225,2540,2026-09-15,6,0.027938841919621177,full_universe,value,NASDAQ,US,False,QUALCOMM Incorporated,197190000000.0,US,2540
227,1535,2026-09-15,6,0.028943484492416547,full_universe,growth,NASDAQ,US,False,"Palo Alto Networks, Inc.",305698350000.0,US,1535
234,45,2026-09-15,6,0.03324038154641081,full_universe,value,NYSE,US,True,Bank of America Corporation,422389036800.0,US,45
235,1104,2026-09-15,6,0.021087215556661328,full_universe,value,NYSE,US,True,JPMorgan Chase & Co.,944500479900.0,US,1104
236,516,2026-09-15,6,0.04740537076214756,full_universe,growth,NYSE,US,False,TransDigm Group Incorporated,60687956000.0,US,516
237,2310,2026-09-15,6,0.014601090257351571,full_universe,growth,NYSE,US,True,Waters Corporation,31194505616.0,US,2310
238,2306,2026-09-15,6,0.012861665439658033,full_universe,value,NYSE,US,False,Verizon Communications Inc.,214832562000.0,US,2306
36,2641,2026-09-15,7,0.006828347324286636,full_universe,value,NYSE,US,True,Exxon Mobil Corporation,701574188800.0,US,2641
38,121,2026-09-15,7,0.01873859896005715,full_universe,growth,NASDAQ,US,False,"Amazon.com, Inc.",2672278782000.0,US,121
39,2823,2026-09-15,7,0.014278182098529341,full_universe,value,NASDAQ,US,True,"Micron Technology, Inc.",1047622164000.0,US,2823
42,256,2026-09-15,7,0.013146270139176986,full_universe,value,NYSE,US,True,AbbVie Inc.,464675345887.0,US,256
48,2493,2026-09-15,7,0.026870518873709302,full_universe,value,NYSE,US,True,"United Rentals, Inc.",61565924025.0,US,2493
50,740,2026-09-15,7,0.005971868286003918,full_universe,growth,NASDAQ,US,True,Lam Research Corporation,338741895900.0,US,740
53,1641,2026-09-15,7,0.014086685853232847,full_universe,value,NYSE,US,True,Philip Morris International Inc.,302541787100.0,US,1641
56,2823,2026-09-15,7,0.012847229365878336,full_universe,value,NASDAQ,US,True,"Micron Technology, Inc.",1047622164000.0,US,2823
59,2823,2026-09-15,7,0.0039486874462127085,full_universe,value,NASDAQ,US,True,"Micron Technology, Inc.",1047622164000.0,US,2823
60,1105,2026-09-15,7,0.020894114860620365,full_universe,value,NASDAQ,US,True,Keurig Dr Pepper Inc.,42844017742.0,US,1105
62,2640,2026-09-15,7,0.017117388827186518,full_universe,growth,NYSE,US,False,Visa Inc.,701300273396.0,US,2640
64,2641,2026-09-15,7,0.013027513858807094,full_universe,value,NYSE,US,True,Exxon Mobil Corporation,701574188800.0,US,2641
65,1580,2026-09-15,7,0.024628177561380634,full_universe,growth,NYSE,US,True,"Cloudflare, Inc.",116100720590.0,US,1580
66,2823,2026-09-15,7,0.031944681023266586,full_universe,value,NASDAQ,US,True,"Micron Technology, Inc.",1047622164000.0,US,2823
67,2794,2026-09-15,7,0.025442250165670532,full_universe,growth,NASDAQ,US,True,Microsoft Corporation,3691389416000.0,US,2794
69,50,2026-09-15,7,0.0210352312409721,full_universe,value,NASDAQ,US,True,"Mondelez International, Inc.",79258851000.0,US,50
70,121,2026-09-15,7,0.020642404150769674,full_universe,growth,NASDAQ,US,False,"Amazon.com, Inc.",2672278782000.0,US,121
71,1353,2026-09-15,7,0.02829916430602117,full_universe,growth,NASDAQ,US,False,Broadcom Inc.,1614104166600.0,US,1353
75,2641,2026-09-15,7,0.011187938304570816,full_universe,value,NYSE,US,True,Exxon Mobil Corporation,701574188800.0,US,2641
76,2360,2026-09-15,7,0.028021830256850375,full_universe,value,NYSE,US,True,"WESCO International, Inc.",16299190349.0,US,2360
77,1135,2026-09-15,7,0.024551697162701225,full_universe,value,NYSE,GB,True,British American Tobacco p.l.c.,121909560895.0,US,1135
79,494,2026-09-15,7,0.02383794619359288,full_universe,growth,NASDAQ,US,False,Costco Wholesale Corporation,399729796650.0,US,494
80,1535,2026-09-15,7,0.023199662172589248,full_universe,growth,NASDAQ,US,False,"Palo Alto Networks, Inc.",305698350000.0,US,1535
83,1039,2026-09-15,7,0.030118282910683462,full_universe,growth,NYSE,US,False,GE Aerospace,318583569617.0,US,1039
84,1622,2026-09-15,7,0.02867168577954226,full_universe,growth,NASDAQ,US,False,"Netflix, Inc.",324370925922.0,US,1622
87,35,2026-09-15,7,0.025224662137304774,full_universe,value,NYSE,US,False,Chevron Corporation,433631068000.0,US,35
89,1580,2026-09-15,7,0.02391234645387644,full_universe,growth,NYSE,US,True,"Cloudflare, Inc.",116100720590.0,US,1580
91,1391,2026-09-15,7,0.0260504367169353,full_universe,value,NYSE,US,True,"The Home Depot, Inc.",304599301160.0,US,1391
92,1353,2026-09-15,7,0.027762366713526748,full_universe,growth,NASDAQ,US,False,Broadcom Inc.,1614104166600.0,US,1353
95,1204,2026-09-15,7,0.027395068199986685,full_universe,growth,NYSE,US,True,Mastercard Incorporated,502778427720.0,US,1204
106,1697,2026-09-15,7,0.019891840268952157,full_universe,value,NASDAQ,US,False,Trimble Inc.,13706957317.0,US,1697
124,2599,2026-09-15,7,0.03500970634969274,full_universe,growth,NYSE,US,True,GE Vernova Inc.,235121965416.0,US,2599
125,2445,2026-09-15,7,0.013373713656662076,full_universe,growth,NASDAQ,US,False,Texas Instruments Incorporated,240576837923.0,US,2445
133,1104,2026-09-15,7,0.018075863306730465,full_universe,value,NYSE,US,True,JPMorgan Chase & Co.,944500479900.0,US,1104
134,1525,2026-09-15,7,0.028507247029278364,full_universe,value,NYSE,US,False,Labcorp Holdings Inc.,26565540000.0,US,1525
136,740,2026-09-15,7,0.021719870506576963,full_universe,growth,NASDAQ,US,True,Lam Research Corporation,338741895900.0,US,740
141,2488,2026-09-15,7,0.047643560700421396,full_universe,value,NYSE,US,True,UnitedHealth Group Incorporated,341398725796.0,US,2488
144,2794,2026-09-15,7,0.011222134369901549,full_universe,growth,NASDAQ,US,True,Microsoft Corporation,3691389416000.0,US,2794
145,1204,2026-09-15,7,0.021876870228041974,full_universe,growth,NYSE,US,True,Mastercard Incorporated,502778427720.0,US,1204
146,1705,2026-09-15,7,0.020911503263371586,full_universe,value,NYSE,US,True,Vistra Corp.,47721434696.0,US,1705
156,121,2026-09-15,7,0.007132331655970801,full_universe,growth,NASDAQ,US,False,"Amazon.com, Inc.",2672278782000.0,US,121
159,2784,2026-09-15,7,0.018788527371483493,full_universe,growth,NYSE,US,False,Eli Lilly and Company,1070740682180.0,US,2784
179,2139,2026-09-15,7,0.02918401959779735,full_universe,value,NYSE,US,False,Synchrony Financial,24747706090.0,US,2139
181,1443,2026-09-15,7,0.02451799988694549,full_universe,value,NYSE,US,False,The Coca-Cola Company,381679115935.0,US,1443
182,35,2026-09-15,7,0.017504201053733154,full_universe,value,NYSE,US,False,Chevron Corporation,433631068000.0,US,35
184,2794,2026-09-15,7,0.02316208074987021,full_universe,growth,NASDAQ,US,True,Microsoft Corporation,3691389416000.0,US,2794
187,2538,2026-09-15,7,0.009126761999133112,full_universe,value,NYSE,US,False,"EOG Resources, Inc.",81886382460.0,US,2538
199,2488,2026-09-15,7,0.031059404382889316,full_universe,value,NYSE,US,True,UnitedHealth Group Incorporated,341398725796.0,US,2488
202,220,2026-09-15,7,0.02728585192743287,full_universe,value,NASDAQ,US,False,"Cisco Systems, Inc.",433833713577.0,US,220
203,1641,2026-09-15,7,0.029138822740323353,full_universe,value,NYSE,US,True,Philip Morris International Inc.,302541787100.0,US,1641
204,2068,2026-09-15,7,0.019597339512697567,full_universe,value,NYSE,US,True,Thermo Fisher Scientific Inc.,238353993190.0,US,2068
216,35,2026-09-15,7,0.01001308214780717,full_universe,value,NYSE,US,False,Chevron Corporation,433631068000.0,US,35
217,2793,2026-09-15,7,0.01588585628839303,full_universe,growth,NASDAQ,US,False,"Meta Platforms, Inc.",1707427398677.0,US,2793
218,1095,2026-09-15,7,0.018384814272530584,full_universe,value,NASDAQ,US,False,"Gilead Sciences, Inc.",181641672566.0,US,1095
225,2494,2026-09-15,7,0.02671325343167595,full_universe,value,NYSE,US,False,U.S. Bancorp,96922068116.0,US,2494
227,2784,2026-09-15,7,0.028881679386161246,full_universe,growth,NYSE,US,False,Eli Lilly and Company,1070740682180.0,US,2784
234,494,2026-09-15,7,0.03276895073245051,full_universe,growth,NASDAQ,US,False,Costco Wholesale Corporation,399729796650.0,US,494
235,1893,2026-09-15,7,0.019931218202154464,full_universe,value,NYSE,US,True,Parker-Hannifin Corporation,116629909825.0,US,1893
236,1204,2026-09-15,7,0.04172720177588112,full_universe,growth,NYSE,US,True,Mastercard Incorporated,502778427720.0,US,1204
237,1376,2026-09-15,7,0.014218487626861696,full_universe,growth,NASDAQ,US,False,NVIDIA Corporation,5138969570000.0,US,1376
238,2625,2026-09-15,7,0.011231102837590063,full_universe,value,NYSE,US,False,The Charles Schwab Corporation,187461900600.0,US,2625
36,1103,2026-09-15,8,0.006554906605215614,full_universe,value,NYSE,US,False,Johnson & Johnson,643924856755.0,US,1103
38,1957,2026-09-15,8,0.017311571460984998,full_universe,growth,NASDAQ,SG,False,Seagate Technology Holdings plc,173062184490.0,US,1957
39,2784,2026-09-15,8,0.013962326822295205,full_universe,growth,NYSE,US,False,Eli Lilly and Company,1070740682180.0,US,2784
42,878,2026-09-15,8,0.012724246801183043,full_universe,value,NYSE,US,True,Morgan Stanley,325345545600.0,US,878
48,1095,2026-09-15,8,0.024460416029494204,full_universe,value,NASDAQ,US,False,"Gilead Sciences, Inc.",181641672566.0,US,1095
50,2445,2026-09-15,8,0.005519657324318758,full_universe,growth,NASDAQ,US,False,Texas Instruments Incorporated,240576837923.0,US,2445
53,2206,2026-09-15,8,0.011362375519609535,full_universe,value,NYSE,US,False,"The Travelers Companies, Inc.",78835101065.0,US,2206
56,2641,2026-09-15,8,0.012735398020017117,full_universe,value,NYSE,US,True,Exxon Mobil Corporation,701574188800.0,US,2641
59,2793,2026-09-15,8,0.0035470704144569577,full_universe,growth,NASDAQ,US,False,"Meta Platforms, Inc.",1707427398677.0,US,2793
60,2793,2026-09-15,8,0.019047768053347666,full_universe,growth,NASDAQ,US,False,"Meta Platforms, Inc.",1707427398677.0,US,2793
62,1204,2026-09-15,8,0.0165211438236312,full_universe,growth,NYSE,US,True,Mastercard Incorporated,502778427720.0,US,1204
64,1860,2026-09-15,8,0.012469254947154554,full_universe,value,NYSE,US,False,The Procter & Gamble Company,348641462700.0,US,1860
65,2324,2026-09-15,8,0.019409901829340832,full_universe,growth,NASDAQ,US,False,Vertex Pharmaceuticals Incorporated,130615667150.0,US,2324
66,906,2026-09-15,8,0.029231426445553092,full_universe,value,NASDAQ,US,True,Strategy Inc,42872716800.0,US,906
67,43,2026-09-15,8,0.02275059353517046,full_universe,value,NASDAQ,US,True,Comcast Corporation,86657706089.0,US,43
69,2784,2026-09-15,8,0.019728808882098405,full_universe,growth,NYSE,US,False,Eli Lilly and Company,1070740682180.0,US,2784
70,2324,2026-09-15,8,0.017746741005118204,full_universe,growth,NASDAQ,US,False,Vertex Pharmaceuticals Incorporated,130615667150.0,US,2324
71,1039,2026-09-15,8,0.026249569807354198,full_universe,growth,NYSE,US,False,GE Aerospace,318583569617.0,US,1039
75,1860,2026-09-15,8,0.011026232208833779,full_universe,value,NYSE,US,False,The Procter & Gamble Company,348641462700.0,US,1860
76,1553,2026-09-15,8,0.02675382166583526,full_universe,value,NASDAQ,US,False,CDW Corporation,19640746220.0,US,1553
77,1105,2026-09-15,8,0.024066109835395894,full_universe,value,NASDAQ,US,True,Keurig Dr Pepper Inc.,42844017742.0,US,1105
79,121,2026-09-15,8,0.021046406260564938,full_universe,growth,NASDAQ,US,False,"Amazon.com, Inc.",2672278782000.0,US,121
80,869,2026-09-15,8,0.023076566965364517,full_universe,value,NYSE,US,True,Marathon Petroleum Corporation,119939397080.0,US,869
83,43,2026-09-15,8,0.026872769061789814,full_universe,value,NASDAQ,US,True,Comcast Corporation,86657706089.0,US,43
84,1134,2026-09-15,8,0.026145954253030255,full_universe,growth,NASDAQ,NL,False,ASML Holding N.V.,613385024317.0,US,1134
87,2547,2026-09-15,8,0.024693791612050053,full_universe,value,NYSE,US,False,RTX Corporation,263486708746.0,US,2547
89,49,2026-09-15,8,0.023713066802260194,full_universe,growth,NYSE,CA,True,Celestica Inc.,36427447420.0,US,49
91,2272,2026-09-15,8,0.024299745245507678,full_universe,value,NYSE,US,True,Union Pacific Corporation,168711500677.0,US,2272
92,149,2026-09-15,8,0.027252633010203763,full_universe,growth,NYSE,US,False,"Arista Networks, Inc.",242818234424.0,US,149
95,2640,2026-09-15,8,0.022075846738423874,full_universe,growth,NYSE,US,False,Visa Inc.,701300273396.0,US,2640
106,2353,2026-09-15,8,0.019656154106338808,full_universe,value,NYSE,US,True,Teledyne Technologies Incorporated,27743389398.0,US,2353
124,2273,2026-09-15,8,0.02982724147666678,full_universe,growth,NYSE,US,True,Royal Caribbean Cruises Ltd.,66861013500.0,US,2273
125,2334,2026-09-15,8,0.013219938267367101,full_universe,value,NASDAQ,US,True,"Analog Devices, Inc.",176008887450.0,US,2334
133,209,2026-09-15,8,0.017315132866545152,full_universe,value,NYSE,FR,True,TotalEnergies SE,207378514518.0,US,209
134,937,2026-09-15,8,0.028214584679643866,full_universe,value,NYSE,US,True,ConocoPhillips,172047479669.0,US,937
136,1620,2026-09-15,8,0.019383670729959734,full_universe,growth,NYSE,US,False,"ServiceNow, Inc.",146705017800.0,US,1620
141,1278,2026-09-15,8,0.04644940896362801,full_universe,growth,NASDAQ,NL,True,Nebius Group N.V.,49768800000.0,US,1278
144,2768,2026-09-15,8,0.009015914341631716,full_universe,value,NASDAQ,GB,True,Linde plc,214165296000.0,US,2768
145,1535,2026-09-15,8,0.02172471585599654,full_universe,growth,NASDAQ,US,False,"Palo Alto Networks, Inc.",305698350000.0,US,1535
146,2029,2026-09-15,8,0.020785521600415927,full_universe,growth,NYSE,US,True,Snowflake Inc.,111944868000.0,US,2029
156,6456,2026-09-15,8,0.00662580461101382,full_universe,value,NYSE,US,False,"Marsh & McLennan Companies, Inc.",85783497536.0,US,6456
159,150,2026-09-15,8,0.0185571775886142,full_universe,growth,NYSE,US,False,Amphenol Corporation,191481794000.0,US,150
179,1252,2026-09-15,8,0.02800189874330552,full_universe,value,NYSE,US,True,"Mueller Industries, Inc.",13388085930.0,US,1252
181,45,2026-09-15,8,0.02305408073613306,full_universe,value,NYSE,US,True,Bank of America Corporation,422389036800.0,US,45
182,2794,2026-09-15,8,0.01657261219301799,full_universe,growth,NASDAQ,US,True,Microsoft Corporation,3691389416000.0,US,2794
184,564,2026-09-15,8,0.021982668860677367,full_universe,growth,NASDAQ,US,True,"Advanced Micro Devices, Inc.",822148520000.0,US,564
187,1103,2026-09-15,8,0.009085810745472076,full_universe,value,NYSE,US,False,Johnson & Johnson,643924856755.0,US,1103
199,1391,2026-09-15,8,0.02813645592425825,full_universe,value,NYSE,US,True,"The Home Depot, Inc.",304599301160.0,US,1391
202,41,2026-09-15,8,0.025924751392708036,full_universe,value,NYSE,US,True,Colgate-Palmolive Company,69616443000.0,US,41
203,2550,2026-09-15,8,0.029003337246478984,full_universe,growth,NYSE,US,False,Blackstone Inc.,153052690294.0,US,2550
204,2537,2026-09-15,8,0.018128780796924805,full_universe,value,NYSE,US,False,Elevance Health Inc.,90551603347.0,US,2537
216,2333,2026-09-15,8,0.0097778633842604,full_universe,value,NYSE,US,True,Wells Fargo & Company,271313280000.0,US,2333
217,2668,2026-09-15,8,0.01483389858236284,full_universe,value,NYSE,US,True,The Walt Disney Company,184764664000.0,US,2668
218,1041,2026-09-15,8,0.01667858762700232,full_universe,growth,NASDAQ,US,True,Alphabet Inc.,4143561174186.0,US,1064
225,1324,2026-09-15,8,0.026679755209683423,full_universe,value,NYSE,US,True,American Tower Corporation,82805751600.0,US,1324
227,1443,2026-09-15,8,0.028755101926514225,full_universe,value,NYSE,US,False,The Coca-Cola Company,381679115935.0,US,1443
234,256,2026-09-15,8,0.030783377894230163,full_universe,value,NYSE,US,True,AbbVie Inc.,464675345887.0,US,256
235,1700,2026-09-15,8,0.018522424451332863,full_universe,growth,NASDAQ,US,True,Apple Inc.,4866508537040.0,US,1700
236,2640,2026-09-15,8,0.040298393745785525,full_universe,growth,NYSE,US,False,Visa Inc.,701300273396.0,US,2640
237,1204,2026-09-15,8,0.014112565407364622,full_universe,growth,NYSE,US,True,Mastercard Incorporated,502778427720.0,US,1204
238,519,2026-09-15,8,0.011206899088406453,full_universe,growth,NYSE,US,True,"Salesforce, Inc.",209377350000.0,US,519
36,2823,2026-09-15,9,0.006467865758131828,full_universe,value,NASDAQ,US,True,"Micron Technology, Inc.",1047622164000.0,US,2823
38,2793,2026-09-15,9,0.017093215467173357,full_universe,growth,NASDAQ,US,False,"Meta Platforms, Inc.",1707427398677.0,US,2793
39,219,2026-09-15,9,0.012901616313145424,full_universe,growth,NASDAQ,US,True,"CrowdStrike Holdings, Inc.",246917692807.0,US,219
42,932,2026-09-15,9,0.012678883784300215,full_universe,value,NYSE,US,False,Capital One Financial Corporation,126899372250.0,US,932
48,932,2026-09-15,9,0.02435750283429668,full_universe,value,NYSE,US,False,Capital One Financial Corporation,126899372250.0,US,932
50,1404,2026-09-15,9,0.005514845058246428,full_universe,value,NYSE,US,False,International Business Machines Corporation,233997821580.0,US,1404
53,2547,2026-09-15,9,0.011301676382121892,full_universe,value,NYSE,US,False,RTX Corporation,263486708746.0,US,2547
56,1204,2026-09-15,9,0.011987181635018326,full_universe,growth,NYSE,US,True,Mastercard Incorporated,502778427720.0,US,1204
59,2640,2026-09-15,9,0.0028362180128822306,full_universe,growth,NYSE,US,False,Visa Inc.,701300273396.0,US,2640
60,1242,2026-09-15,9,0.018615885389468956,full_universe,growth,NASDAQ,DK,True,Ascendis Pharma A/S,14892497133.0,US,1242
62,2793,2026-09-15,9,0.016163224611558384,full_universe,growth,NASDAQ,US,False,"Meta Platforms, Inc.",1707427398677.0,US,2793
64,41,2026-09-15,9,0.012153339682029841,full_universe,value,NYSE,US,True,Colgate-Palmolive Company,69616443000.0,US,41
65,516,2026-09-15,9,0.017699941928671494,full_universe,growth,NYSE,US,False,TransDigm Group Incorporated,60687956000.0,US,516
66,2794,2026-09-15,9,0.025306054916343634,full_universe,growth,NASDAQ,US,True,Microsoft Corporation,3691389416000.0,US,2794
67,2547,2026-09-15,9,0.01878507548686302,full_universe,value,NYSE,US,False,RTX Corporation,263486708746.0,US,2547
69,1064,2026-09-15,9,0.019609790594412396,full_universe,growth,NASDAQ,US,True,Alphabet Inc.,4174986351444.0,US,1064
70,2547,2026-09-15,9,0.01768738083463421,full_universe,value,NYSE,US,False,RTX Corporation,263486708746.0,US,2547
71,43,2026-09-15,9,0.026223258581784196,full_universe,value,NASDAQ,US,True,Comcast Corporation,86657706089.0,US,43
75,516,2026-09-15,9,0.01019478821623817,full_universe,growth,NYSE,US,False,TransDigm Group Incorporated,60687956000.0,US,516
76,2794,2026-09-15,9,0.025350967382397407,full_universe,growth,NASDAQ,US,True,Microsoft Corporation,3691389416000.0,US,2794
77,1271,2026-09-15,9,0.022832360664851312,full_universe,value,NYSE,US,False,"Merck & Co., Inc.",355160116000.0,US,1271
79,671,2026-09-15,9,0.019811831997625484,full_universe,value,NASDAQ,US,False,Intel Corp.,489974135424.0,US,671
80,836,2026-09-15,9,0.022473575414931828,full_universe,growth,NASDAQ,US,False,"Equinix, Inc.",99360414368.0,US,836
83,2492,2026-09-15,9,0.02577478715446632,full_universe,value,NYSE,US,False,Bristol-Myers Squibb Company,130181908300.0,US,2492
84,1036,2026-09-15,9,0.025295367155459676,full_universe,value,NYSE,IE,True,Eaton Corporation plc,152368920000.0,US,1036
87,2334,2026-09-15,9,0.023918837113923792,full_universe,value,NASDAQ,US,True,"Analog Devices, Inc.",176008887450.0,US,2334
89,1035,2026-09-15,9,0.021519122824777796,full_universe,growth,NYSE,US,False,Bloom Energy Corporation,76385577450.0,US,1035
91,605,2026-09-15,9,0.023110995426644125,full_universe,value,NYSE,US,False,"Air Products and Chemicals, Inc.",64703507597.0,US,605
92,2349,2026-09-15,9,0.026609004713177384,full_universe,growth,NASDAQ,US,False,"Teradyne, Inc.",52038101850.0,US,2349
95,564,2026-09-15,9,0.020824030027914844,full_universe,growth,NASDAQ,US,True,"Advanced Micro Devices, Inc.",822148520000.0,US,564
106,1416,2026-09-15,9,0.019619621636100724,full_universe,value,NASDAQ,US,False,Gen Digital Inc.,18693561740.0,US,1416
124,2794,2026-09-15,9,0.027151663280148633,full_universe,growth,NASDAQ,US,True,Microsoft Corporation,3691389416000.0,US,2794
125,696,2026-09-15,9,0.012598327980398897,full_universe,value,NYSE,US,False,"Annaly Capital Management, Inc.",16137016740.0,US,696
133,2784,2026-09-15,9,0.016811017852941236,full_universe,growth,NYSE,US,False,Eli Lilly and Company,1070740682180.0,US,2784
134,2667,2026-09-15,9,0.027853578573171982,full_universe,value,NYSE,US,False,Danaher Corporation,147127951242.0,US,2667
136,2640,2026-09-15,9,0.01799868625167763,full_universe,growth,NYSE,US,False,Visa Inc.,701300273396.0,US,2640
141,2776,2026-09-15,9,0.04517002681745215,full_universe,growth,NASDAQ,US,True,Lumentum Holdings Inc.,65271088000.0,US,2776
144,1103,2026-09-15,9,0.008828483653296124,full_universe,value,NYSE,US,False,Johnson & Johnson,643924856755.0,US,1103
145,2529,2026-09-15,9,0.02041341788926985,full_universe,growth,NASDAQ,US,True,"Marvell Technology, Inc.",194157322200.0,US,2529
146,2067,2026-09-15,9,0.020775222211333603,full_universe,growth,NYSE,US,False,S&P Global Inc.,121610896000.0,US,2067
159,2640,2026-09-15,9,0.018087434512817156,full_universe,growth,NYSE,US,False,Visa Inc.,701300273396.0,US,2640
179,2492,2026-09-15,9,0.026243707346695906,full_universe,value,NYSE,US,False,Bristol-Myers Squibb Company,130181908300.0,US,2492
181,1095,2026-09-15,9,0.022437216805063387,full_universe,value,NASDAQ,US,False,"Gilead Sciences, Inc.",181641672566.0,US,1095
182,519,2026-09-15,9,0.016194667132502154,full_universe,growth,NYSE,US,True,"Salesforce, Inc.",209377350000.0,US,519
184,121,2026-09-15,9,0.021263965492548473,full_universe,growth,NASDAQ,US,False,"Amazon.com, Inc.",2672278782000.0,US,121
187,256,2026-09-15,9,0.008961944183790484,full_universe,value,NYSE,US,True,AbbVie Inc.,464675345887.0,US,256
199,1641,2026-09-15,9,0.027931097244093775,full_universe,value,NYSE,US,True,Philip Morris International Inc.,302541787100.0,US,1641
202,1103,2026-09-15,9,0.02433250924302151,full_universe,value,NYSE,US,False,Johnson & Johnson,643924856755.0,US,1103
203,2406,2026-09-15,9,0.028878935351078557,full_universe,growth,OTC,GB,False,BAE Systems plc,79395678900.0,US,7078
204,41,2026-09-15,9,0.01808869186335486,full_universe,value,NYSE,US,True,Colgate-Palmolive Company,69616443000.0,US,41
216,2306,2026-09-15,9,0.009767865155710907,full_universe,value,NYSE,US,False,Verizon Communications Inc.,214832562000.0,US,2306
217,2538,2026-09-15,9,0.014280330817647282,full_universe,value,NYSE,US,False,"EOG Resources, Inc.",81886382460.0,US,2538
218,2640,2026-09-15,9,0.01636649010831838,full_universe,growth,NYSE,US,False,Visa Inc.,701300273396.0,US,2640
225,50,2026-09-15,9,0.026321935084750815,full_universe,value,NASDAQ,US,True,"Mondelez International, Inc.",79258851000.0,US,50
227,2823,2026-09-15,9,0.028610596515873297,full_universe,value,NASDAQ,US,True,"Micron Technology, Inc.",1047622164000.0,US,2823
234,1622,2026-09-15,9,0.030524189742370415,full_universe,growth,NASDAQ,US,False,"Netflix, Inc.",324370925922.0,US,1622
235,808,2026-09-15,9,0.018084746726832746,full_universe,value,NYSE,US,True,McKesson Corporation,105318685680.0,US,808
236,2793,2026-09-15,9,0.036163439086494685,full_universe,growth,NASDAQ,US,False,"Meta Platforms, Inc.",1707427398677.0,US,2793
237,2473,2026-09-15,9,0.01410970121253625,full_universe,value,NYSE,US,True,"Corpay, Inc.",26651322472.0,US,2473
238,869,2026-09-15,9,0.011074578063755312,full_universe,value,NYSE,US,True,Marathon Petroleum Corporation,119939397080.0,US,869
36,2793,2026-09-15,10,0.006291794120982453,full_universe,growth,NASDAQ,US,False,"Meta Platforms, Inc.",1707427398677.0,US,2793
38,1041,2026-09-15,10,0.016174233011176195,full_universe,growth,NASDAQ,US,True,Alphabet Inc.,4143561174186.0,US,1064
39,1641,2026-09-15,10,0.01110268186900679,full_universe,value,NYSE,US,True,Philip Morris International Inc.,302541787100.0,US,1641
42,2625,2026-09-15,10,0.012231175996055114,full_universe,value,NYSE,US,False,The Charles Schwab Corporation,187461900600.0,US,2625
48,2685,2026-09-15,10,0.02373041362666818,full_universe,value,NYSE,US,True,"HCA Healthcare, Inc.",91757666578.0,US,2685
50,563,2026-09-15,10,0.005244587146994198,full_universe,growth,NASDAQ,US,False,"Applied Materials, Inc.",334391712030.0,US,563
53,937,2026-09-15,10,0.01089631922464493,full_universe,value,NYSE,US,True,ConocoPhillips,172047479669.0,US,937
56,223,2026-09-15,10,0.011245442538005012,full_universe,value,NASDAQ,US,True,CSX Corporation,90141676800.0,US,223
59,1104,2026-09-15,10,0.0027486762551047882,full_universe,value,NYSE,US,True,JPMorgan Chase & Co.,944500479900.0,US,1104
60,1679,2026-09-15,10,0.018566173118159446,full_universe,value,NYSE,US,True,Ameren Corporation,28510991040.0,US,1679
62,2823,2026-09-15,10,0.013121254361864634,full_universe,value,NASDAQ,US,True,"Micron Technology, Inc.",1047622164000.0,US,2823
64,2537,2026-09-15,10,0.0119097038416826,full_universe,value,NYSE,US,False,Elevance Health Inc.,90551603347.0,US,2537
65,2350,2026-09-15,10,0.0163668513128655,full_universe,growth,NYSE,US,False,Welltower Inc.,167698724120.0,US,2350
66,2324,2026-09-15,10,0.02098841512250029,full_universe,growth,NASDAQ,US,False,Vertex Pharmaceuticals Incorporated,130615667150.0,US,2324
67,605,2026-09-15,10,0.018385242228811834,full_universe,value,NYSE,US,False,"Air Products and Chemicals, Inc.",64703507597.0,US,605
69,493,2026-09-15,10,0.016389947970930362,full_universe,value,NYSE,US,True,"CenterPoint Energy, Inc.",25018185600.0,US,493
70,2624,2026-09-15,10,0.01648803040056761,full_universe,growth,NASDAQ,US,False,Starbucks Corporation,110101200000.0,US,2624
71,398,2026-09-15,10,0.023535574842707706,full_universe,value,NYSE,US,True,Carrier Global Corporation,45783013666.0,US,398
75,2639,2026-09-15,10,0.010094230346480902,full_universe,growth,NYSE,US,True,"The TJX Companies, Inc.",137690362149.0,US,2639
76,825,2026-09-15,10,0.02367189090961497,full_universe,value,NASDAQ,US,True,"Hasbro, Inc.",12723621368.0,US,825
77,2514,2026-09-15,10,0.022123332685317604,full_universe,value,NYSE,US,True,FedEx Corporation,72928517013.0,US,2514
79,220,2026-09-15,10,0.018569092091181877,full_universe,value,NASDAQ,US,False,"Cisco Systems, Inc.",433833713577.0,US,220
80,2823,2026-09-15,10,0.021900182043045398,full_universe,value,NASDAQ,US,True,"Micron Technology, Inc.",1047622164000.0,US,2823
83,2537,2026-09-15,10,0.02460291944065837,full_universe,value,NYSE,US,False,Elevance Health Inc.,90551603347.0,US,2537
84,2208,2026-09-15,10,0.02488061359645732,full_universe,growth,NASDAQ,US,True,"Tesla, Inc.",1408329609753.0,US,2208
87,2768,2026-09-15,10,0.022591595358124994,full_universe,value,NASDAQ,GB,True,Linde plc,214165296000.0,US,2768
89,1353,2026-09-15,10,0.02003437173755762,full_universe,growth,NASDAQ,US,False,Broadcom Inc.,1614104166600.0,US,1353
91,1641,2026-09-15,10,0.02268805982924866,full_universe,value,NYSE,US,True,Philip Morris International Inc.,302541787100.0,US,1641
92,740,2026-09-15,10,0.020397712046201607,full_universe,growth,NASDAQ,US,True,Lam Research Corporation,338741895900.0,US,740
95,2823,2026-09-15,10,0.0206449654197298,full_universe,value,NASDAQ,US,True,"Micron Technology, Inc.",1047622164000.0,US,2823
106,1388,2026-09-15,10,0.019544204598498333,full_universe,value,NASDAQ,US,False,"F5, Inc.",24309904896.0,US,1388
124,2793,2026-09-15,10,0.02645834740416568,full_universe,growth,NASDAQ,US,False,"Meta Platforms, Inc.",1707427398677.0,US,2793
125,1893,2026-09-15,10,0.012334625378272816,full_universe,value,NYSE,US,True,Parker-Hannifin Corporation,116629909825.0,US,1893
133,519,2026-09-15,10,0.01583603965374258,full_universe,growth,NYSE,US,True,"Salesforce, Inc.",209377350000.0,US,519
134,1103,2026-09-15,10,0.02775290412915351,full_universe,value,NYSE,US,False,Johnson & Johnson,643924856755.0,US,1103
136,153,2026-09-15,10,0.016864630576536983,full_universe,growth,NASDAQ,US,True,"Okta, Inc.",31637554000.0,US,153
141,1327,2026-09-15,10,0.04149742253782658,full_universe,growth,NYSE,US,True,The Boeing Company,165732685300.0,US,1327
144,73,2026-09-15,10,0.008435335313587507,full_universe,value,NYSE,US,False,"Agilent Technologies, Inc.",42415637760.0,US,73
145,1417,2026-09-15,10,0.0183268394823689,full_universe,growth,NASDAQ,US,True,KLA Corporation,219481165600.0,US,1417
146,1646,2026-09-15,10,0.02070225614206098,full_universe,value,NYSE,US,True,Norfolk Southern Corporation,71923973760.0,US,1646
156,671,2026-09-15,10,0.006242378759360319,full_universe,value,NASDAQ,US,False,Intel Corp.,489974135424.0,US,671
159,1204,2026-09-15,10,0.017803461698932977,full_universe,growth,NYSE,US,True,Mastercard Incorporated,502778427720.0,US,1204
179,2483,2026-09-15,10,0.024363862701260265,full_universe,value,NASDAQ,US,False,United Therapeutics Corporation,21238206345.0,US,2483
181,519,2026-09-15,10,0.02203623267718967,full_universe,growth,NYSE,US,True,"Salesforce, Inc.",209377350000.0,US,519
182,2784,2026-09-15,10,0.013062141874847645,full_universe,growth,NYSE,US,False,Eli Lilly and Company,1070740682180.0,US,2784
184,2793,2026-09-15,10,0.01981476289063777,full_universe,growth,NASDAQ,US,False,"Meta Platforms, Inc.",1707427398677.0,US,2793
187,2616,2026-09-15,10,0.008570620537444017,full_universe,value,NYSE,US,True,General Motors Company,77213028055.0,US,2616
199,423,2026-09-15,10,0.026011748823392113,full_universe,value,NYSE,US,False,"The Goldman Sachs Group, Inc.",288124486690.0,US,423
202,73,2026-09-15,10,0.023371358803536874,full_universe,value,NYSE,US,False,"Agilent Technologies, Inc.",42415637760.0,US,73
203,373,2026-09-15,10,0.028353554514369796,full_universe,value,NYSE,US,True,"BlackRock, Inc.",164087006700.0,US,373
204,539680,2026-09-15,10,0.018045872952361593,full_universe,value,NYSE,US,False,Fifth Third Bancorp,49548077040.0,US,539680
216,2638,2026-09-15,10,0.009669977045776372,full_universe,value,NYSE,US,False,AT&T Inc.,183164384700.0,US,2638
217,2547,2026-09-15,10,0.013241033315173789,full_universe,value,NYSE,US,False,RTX Corporation,263486708746.0,US,2547
218,45,2026-09-15,10,0.015878541197954146,full_universe,value,NYSE,US,True,Bank of America Corporation,422389036800.0,US,45
225,2616,2026-09-15,10,0.02605530947013827,full_universe,value,NYSE,US,True,General Motors Company,77213028055.0,US,2616
227,219,2026-09-15,10,0.02372077528796705,full_universe,growth,NASDAQ,US,True,"CrowdStrike Holdings, Inc.",246917692807.0,US,219
234,1103,2026-09-15,10,0.027060652607884726,full_universe,value,NYSE,US,False,Johnson & Johnson,643924856755.0,US,1103
235,1443,2026-09-15,10,0.01766624839661183,full_universe,value,NYSE,US,False,The Coca-Cola Company,381679115935.0,US,1443
236,1240,2026-09-15,10,0.02950560159499524,full_universe,value,NYSE,US,False,KKR & Co. Inc.,89787294100.0,US,1240
237,73,2026-09-15,10,0.013791470725673861,full_universe,value,NYSE,US,False,"Agilent Technologies, Inc.",42415637760.0,US,73
238,401,2026-09-15,10,0.01038623493010471,full_universe,value,NYSE,CH,False,Chubb Limited,131889588000.0,US,401
